<?xml version="1.0" encoding="UTF-8" ?>
<extension type="package" version="3.0">
	<name>Paket Bahasa Indonesia id-ID</name>
	<packagename>id-ID</packagename>
	<version>3.2.3</version>
	<creationDate>2014-02-23</creationDate>
	<author>Hanacaraka Team</author>
	<authorEmail>admin@id-joomla.com</authorEmail>
	<authorUrl>www.id-joomla.com</authorUrl>
	<copyright>Copyright (C) 2005 - 2014 Open Source Matters. All rights reserved.</copyright>
	<license>GNU General Public License version 2 or later; see LICENSE.txt</license>
	<description>Paket Bahasa Indonesia Joomla 3.0</description>
<files>
        <file type="language" client="administrator" id="id-ID">admin_id-ID.zip</file>
        <file type="language" client="site" id="id-ID">site_id-ID.zip</file>
</files>
<updateservers>
        <server type="collection" priority="1" name="Accredited Joomla! Translations">http://update.joomla.org/language/translationlist_3.xml</server>
    </updateservers>
</extension>