<?xml version="1.0" encoding="UTF-8" ?>
<extension type="package" version="2.5">
<name>Paket Bahasa Indonesia id-ID</name>
<packagename>id-ID</packagename>
<version>2.5.20.1</version>
<url></url>
<packager></packager>
<packagerurl></packagerurl>
<description>Paket Bahasa Indonesia (ID) untuk Joomla! 2.5.20.1</description>
<files>
        <file type="language" client="administrator" id="id-ID">admin_id-ID.zip</file>
        <file type="language" client="site" id="id-ID">site_id-ID.zip</file>
</files>
<updateservers>
<server type="collection" priority="1" name="Accredited Joomla! Translations">http://update.joomla.org/language/translationlist.xml</server>
</updateservers>
</extension>